Workbook

Sheet GUI

Sheet data
G7: 2010 | I7: 2011 | K7: 2012 | M7: 2013 | O7: 2014 | Q7: 2015 | S7: 2016 | U7: 2017 | W7: 2018 | Y7: 2019 | AA7: 2020 | AC7: 2021 | AE7: 2022 | AG7: 2023 | AI7: 2024 | AK7: 2025 | AM7: 2026
G8: Demand (% vacancy) | H8: Supply (Employed in thousands) | I8: Demand (% vacancy) | J8: Supply (Employed in thousands) | K8: Demand (% vacancy) | L8: Supply (Employed in thousands) | M8: Demand (% vacancy) | N8: Supply (Employed in thousands) | O8: Demand (% vacancy) | P8: Supply (Employed in thousands) | Q8: Demand (% vacancy) | R8: Supply (Employed in thousands) | S8: Demand (% vacancy) | T8: Supply (Employed in thousands) | U8: Demand (% vacancy) | V8: Supply (Employed in thousands) | W8: Demand (% vacancy) | X8: Supply (Employed in thousands) | Y8: Demand (% vacancy) | Z8: Supply (Employed in thousands) | AA8: Demand (% vacancy) | AB8: Supply (Employed in thousands) | AC8: Demand (% vacancy) | AD8: Supply (Employed in thousands) | AE8: Demand (% vacancy) | AF8: Supply (Employed in thousands) | AG8: Demand (% vacancy) | AH8: Supply (Employed in thousands) | AI8: Demand (% vacancy) | AJ8: Supply (Employed in thousands) | AK8: Demand (% vacancy) | AL8: Supply (Employed in thousands) | AM8: Demand (% vacancy) | AN8: Supply (Employed in thousands)
E9: SECONDARY SECTOR | F9: Mining and quarrying | G9: 0.125 | H9: 6319.5 | I9: 0.175 | J9: 6278.25 | K9: 0.325 | L9: 6076.5 | M9: 0.475 | N9: 5848 | O9: 0.15 | P9: 5856.25 | Q9: 0.125 | R9: 5855.75 | S9: 0.275 | T9: 5850.75 | U9: 0.575 | V9: 5898.75 | W9: 1.325 | X9: 5976.25 | Y9: 1.2 | Z9: 5977 | AA9: 0.225 | AB9: 5913.75 | AC9: 0.4 | AD9: 6001 | AE9: 1.15 | AF9: 6197.75 | AG9: 1.375 | AH9: 6284.25 | AI9: 1.35 | AJ9: 6370 | AK9: 0.575 | AL9: 6419.5 | AM9: 0.125 | AN9: 6319.5
F10: Manufacturing activities | G10: 0.475 | I10: 0.575 | K10: 0.425 | M10: 0.4 | O10: 0.5 | Q10: 0.625 | S10: 0.675 | U10: 0.85 | W10: 0.975 | Y10: 0.9 | AA10: 0.6 | AC10: 1.375 | AE10: 1.7 | AG10: 1.7 | AI10: 1.5 | AK10: 1.375 | AM10: 0.475
F11: Electricity, gas, steam and air conditioning supply | G11: 0.325 | I11: 0.325 | K11: 0.15 | M11: 0.775 | O11: 0.575 | Q11: 0.275 | S11: 0.625 | U11: 0.525 | W11: 0.55 | Y11: 0.7 | AA11: 0.525 | AC11: 0.95 | AE11: 1.075 | AG11: 0.975 | AI11: 1.1 | AK11: 0.825 | AM11: 0.325
F12: Water supply; sewerage, waste management and remediation activities | G12: 0.425 | I12: 0.65 | K12: 0.325 | M12: 0.3 | O12: 0.25 | Q12: 0.25 | S12: 0.4 | U12: 0.525 | W12: 0.725 | Y12: 0.8 | AA12: 0.875 | AC12: 1.125 | AE12: 1.15 | AG12: 1.6 | AI12: 1.125 | AK12: 1.1 | AM12: 0.425
F13: Construction | G13: 0.675 | I13: 0.7 | K13: 0.675 | M13: 0.475 | O13: 0.65 | Q13: 0.625 | S13: 0.7 | U13: 1.025 | W13: 1.5 | Y13: 1.65 | AA13: 1.175 | AC13: 1.9 | AE13: 2.3 | AG13: 2.8 | AI13: 2.625 | AK13: 2.175 | AM13: 0.675
E14: TERTIARY SECTOR | F14: Wholesale and retail trade; repair of motor vehicles and motorcycles | G14: 0.95 | H14: 15175.5 | I14: 0.9 | J14: 15305 | K14: 0.6 | L14: 15386.25 | M14: 0.425 | N14: 15226.25 | O14: 0.55 | P14: 15270.5 | Q14: 0.675 | R14: 15438 | S14: 0.775 | T14: 15724.5 | U14: 0.9 | V14: 15973.5 | W14: 1.025 | X14: 16119.75 | Y14: 1.15 | Z14: 16228.25 | AA14: 0.8 | AB14: 15560.75 | AC14: 1.425 | AD14: 15640.75 | AE14: 1.85 | AF14: 16047 | AG14: 1.625 | AH14: 16444 | AI14: 1.5 | AJ14: 16762.25 | AK14: 1.45 | AL14: 16867.75 | AM14: 0.95 | AN14: 15175.5
F15: Transportation and storage | G15: 0.55 | I15: 0.5 | K15: 0.35 | M15: 0.25 | O15: 0.275 | Q15: 0.4 | S15: 0.375 | U15: 0.675 | W15: 0.725 | Y15: 0.925 | AA15: 0.625 | AC15: 1.025 | AE15: 1.275 | AG15: 1.3 | AI15: 1.4 | AK15: 1.2 | AM15: 0.55
F16: Accommodation and food service activities | G16: 0.95 | I16: 1.125 | K16: 0.95 | M16: 0.825 | O16: 0.925 | Q16: 0.9 | S16: 1.05 | U16: 1.6 | W16: 1.825 | Y16: 2.05 | AA16: 1.25 | AC16: 2.25 | AE16: 2.95 | AG16: 3.525 | AI16: 2.8 | AK16: 2.725 | AM16: 0.95
F17: Information and communication services | G17: 0.675 | I17: 1 | K17: 0.6 | M17: 0.55 | O17: 0.725 | Q17: 1.225 | S17: 1.225 | U17: 1.5 | W17: 1.7 | Y17: 1.8 | AA17: 1.2 | AC17: 2.125 | AE17: 2.725 | AG17: 2.625 | AI17: 2 | AK17: 1.825 | AM17: 0.675
F18: Financial and insurance activities | G18: 0.6 | I18: 0.475 | K18: 0.325 | M18: 0.325 | O18: 0.325 | Q18: 0.5 | S18: 0.55 | U18: 0.7 | W18: 0.75 | Y18: 0.625 | AA18: 0.525 | AC18: 0.7 | AE18: 0.85 | AG18: 0.95 | AI18: 0.9 | AK18: 1 | AM18: 0.6
F19: Professional, scientific and technical activities | G19: 1.05 | I19: 1.3 | K19: 0.875 | M19: 0.75 | O19: 0.925 | Q19: 1.25 | S19: 1.375 | U19: 1.5 | W19: 1.925 | Y19: 1.85 | AA19: 1.575 | AC19: 2.65 | AE19: 3.075 | AG19: 2.725 | AI19: 2.5 | AK19: 2.275 | AM19: 1.05
F20: Rental, travel agency, business support services | G20: 0.725 | I20: 1.05 | K20: 0.35 | M20: 0.35 | O20: 0.375 | Q20: 0.525 | S20: 0.575 | U20: 0.925 | W20: 0.95 | Y20: 0.875 | AA20: 0.575 | AC20: 1.225 | AE20: 1.5 | AG20: 1.525 | AI20: 1.475 | AK20: 1.425 | AM20: 0.725
F21: Real estate, professional and rental activities (Grouped) | G21: 0.825 | I21: 1.1 | K21: 0.475 | M21: 0.475 | O21: 0.5 | Q21: 0.75 | S21: 0.85 | U21: 1.125 | W21: 1.25 | Y21: 1.2 | AA21: 0.925 | AC21: 1.675 | AE21: 1.975 | AG21: 1.925 | AI21: 1.825 | AK21: 1.725 | AM21: 0.825
F22: Education | G22: 0.675 | I22: 1.2 | K22: 0.475 | M22: 0.575 | O22: 0.425 | Q22: 0.8 | S22: 1.025 | U22: 0.95 | W22: 1.3 | Y22: 1.55 | AA22: 0.8 | AC22: 1.6 | AE22: 1.675 | AG22: 2.3 | AI22: 2 | AK22: 1.425 | AM22: 0.675
F23: Human health and social work activities | G23: 1.075 | I23: 0.975 | K23: 0.475 | M23: 0.475 | O23: 0.525 | Q23: 0.375 | S23: 0.525 | U23: 1.2 | W23: 0.95 | Y23: 1 | AA23: 1.35 | AC23: 1.575 | AE23: 1.55 | AG23: 1.675 | AI23: 1.6 | AK23: 1.75 | AM23: 1.075
F24: Arts, sports, entertainment and recreation | G24: 1.45 | I24: 1.275 | K24: 0.725 | M24: 0.6 | O24: 1.075 | Q24: 0.875 | S24: 1.3 | U24: 2 | W24: 1.9 | Y24: 1.775 | AA24: 1.075 | AC24: 1.5 | AE24: 2.45 | AG24: 2.225 | AI24: 1.5 | AK24: 1.8 | AM24: 1.45
F25: Other service activities | G25: 0.875 | I25: 0.725 | K25: 0.35 | M25: 0.275 | O25: 0.6 | Q25: 0.775 | S25: 0.775 | U25: 1.375 | W25: 1.25 | Y25: 1.05 | AA25: 0.9 | AC25: 1.5 | AE25: 2.275 | AG25: 2.375 | AI25: 2.15 | AK25: 1.85 | AM25: 0.875

Sheet demand_chart
A1: YEAR | B1: =data!AM7 -> 2026
A2: =data!F9 -> Mining and quarrying | B2: =data!AM9 -> 0.125
A3: =data!F10 -> Manufacturing activities | B3: =data!AM10 -> 0.475
A4: =data!F11 -> Electricity, gas, steam and air conditioning supply | B4: =data!AM11 -> 0.325
A5: =data!F12 -> Water supply; sewerage, waste management and remediation activities | B5: =data!AM12 -> 0.425
A6: =data!F13 -> Construction | B6: =data!AM13 -> 0.675
A7: =data!F14 -> Wholesale and retail trade; repair of motor vehicles and motorcycles | B7: =data!AM14 -> 0.95
A8: =data!F15 -> Transportation and storage | B8: =data!AM15 -> 0.55
A9: =data!F16 -> Accommodation and food service activities | B9: =data!AM16 -> 0.95
A10: =data!F17 -> Information and communication services | B10: =data!AM17 -> 0.675
A11: =data!F18 -> Financial and insurance activities | B11: =data!AM18 -> 0.6
A12: =data!F19 -> Professional, scientific and technical activities | B12: =data!AM19 -> 1.05
A13: =data!F20 -> Rental, travel agency, business support services | B13: =data!AM20 -> 0.725
... A18: =data!F25 -> Other service activities | B18: =data!AM25 -> 0.875

Sheet time_series
F8: 2010 | G8: 2011 | H8: 2012 | I8: 2013 | J8: 2014 | K8: 2015 | L8: 2016 | M8: 2017 | N8: 2018 | O8: 2019 | P8: 2020 | Q8: 2021 | R8: 2022 | S8: 2023 | T8: 2024 | U8: 2025 | V8: 2026
E9: SECONDARY SECTOR | F9: =data!H9 -> 6319.5 | G9: =data!J9 -> 6278.25 | H9: =data!L9 -> 6076.5 | I9: =data!N9 -> 5848 | J9: =data!P9 -> 5856.25 | K9: =data!R9 -> 5855.75 | L9: =data!P9 -> 5856.25 | M9: =data!T9 -> 5850.75 | N9: =data!V9 -> 5898.75 | O9: =data!X9 -> 5976.25 | P9: =data!Z9 -> 5977 | Q9: =data!AB9 -> 5913.75 | R9: =data!AD9 -> 6001 | S9: =data!AF9 -> 6197.75 | T9: =data!AH9 -> 6284.25 | U9: =data!AJ9 -> 6370 | V9: =data!AN9 -> 6319.5
E10: TERTIARY SECTOR | F10: =data!H14 -> 15175.5 | G10: =data!J14 -> 15305 | H10: =data!L14 -> 15386.25 | I10: =data!N14 -> 15226.25 | J10: =data!P14 -> 15270.5 | K10: =data!R14 -> 15438 | L10: =data!P14 -> 15270.5 | M10: =data!T14 -> 15724.5 | N10: =data!V14 -> 15973.5 | O10: =data!X14 -> 16119.75 | P10: =data!Z14 -> 16228.25 | Q10: =data!AB14 -> 15560.75 | R10: =data!AD14 -> 15640.75 | S10: =data!AF14 -> 16047 | T10: =data!AH14 -> 16444 | U10: =data!AJ14 -> 16762.25 | V10: =data!AN14 -> 15175.5

Sheet percentage_difference
A1: Demand
B2: 2011 | C2: 2012 | D2: 2013 | E2: 2014 | F2: 2015 | G2: 2016 | H2: 2017 | I2: 2018 | J2: 2019 | K2: 2020 | L2: 2021 | M2: 2022 | N2: 2023 | O2: 2024 | P2: 2025 | Q2: 2026
A3: =data!F9 -> Mining and quarrying | B3: =(data!I9 - data!G9) / data!G9 * 100 -> 40 | C3: =(data!K9 - data!I9) / data!I9 * 100 -> 85.714286 | D3: =(data!M9 - data!K9) / data!K9 * 100 -> 46.153846 | E3: =(data!O9 - data!M9) / data!M9 * 100 -> -68.421053 | F3: =(data!Q9 - data!O9) / data!O9 * 100 -> -16.666667 | G3: =(data!S9 - data!Q9) / data!Q9 * 100 -> 120 | H3: =(data!U9 - data!S9) / data!S9 * 100 -> 109.09091 | I3: =(data!W9 - data!U9) / data!U9 * 100 -> 130.43478 | J3: =(data!Y9 - data!W9) / data!W9 * 100 -> -9.4339623 | K3: =(data!AA9 - data!Y9) / data!Y9 * 100 -> -81.25 | L3: =(data!AC9 - data!AA9) / data!AA9 * 100 -> 77.777778 | M3: =(data!AE9 - data!AC9) / data!AC9 * 100 -> 187.5 | N3: =(data!AG9 - data!AE9) / data!AE9 * 100 -> 19.565217 | O3: =(data!AI9 - data!AG9) / data!AG9 * 100 -> -1.8181818 | P3: =(data!AK9 - data!AI9) / data!AI9 * 100 -> -57.407407 | Q3: =(data!AM9 - data!AK9) / data!AK9 * 100 -> -78.26087
A4: =data!F10 -> Manufacturing activities | B4: =(data!I10 - data!G10) / data!G10 * 100 -> 21.052632 | C4: =(data!K10 - data!I10) / data!I10 * 100 -> -26.086957 | D4: =(data!M10 - data!K10) / data!K10 * 100 -> -5.8823529 | E4: =(data!O10 - data!M10) / data!M10 * 100 -> 25 | F4: =(data!Q10 - data!O10) / data!O10 * 100 -> 25 | G4: =(data!S10 - data!Q10) / data!Q10 * 100 -> 8 | H4: =(data!U10 - data!S10) / data!S10 * 100 -> 25.925926 | I4: =(data!W10 - data!U10) / data!U10 * 100 -> 14.705882 | J4: =(data!Y10 - data!W10) / data!W10 * 100 -> -7.6923077 | K4: =(data!AA10 - data!Y10) / data!Y10 * 100 -> -33.333333 | L4: =(data!AC10 - data!AA10) / data!AA10 * 100 -> 129.16667 | M4: =(data!AE10 - data!AC10) / data!AC10 * 100 -> 23.636364 | N4: =(data!AG10 - data!AE10) / data!AE10 * 100 -> 0 | O4: =(data!AI10 - data!AG10) / data!AG10 * 100 -> -11.764706 | P4: =(data!AK10 - data!AI10) / data!AI10 * 100 -> -8.3333333 | Q4: =(data!AM10 - data!AK10) / data!AK10 * 100 -> -65.454545
A5: =data!F11 -> Electricity, gas, steam and air conditioning supply | B5: =(data!I11 - data!G11) / data!G11 * 100 -> 0 | C5: =(data!K11 - data!I11) / data!I11 * 100 -> -53.846154 | D5: =(data!M11 - data!K11) / data!K11 * 100 -> 416.66667 | E5: =(data!O11 - data!M11) / data!M11 * 100 -> -25.806452 | F5: =(data!Q11 - data!O11) / data!O11 * 100 -> -52.173913 | G5: =(data!S11 - data!Q11) / data!Q11 * 100 -> 127.27273 | H5: =(data!U11 - data!S11) / data!S11 * 100 -> -16 | I5: =(data!W11 - data!U11) / data!U11 * 100 -> 4.7619048 | J5: =(data!Y11 - data!W11) / data!W11 * 100 -> 27.272727 | K5: =(data!AA11 - data!Y11) / data!Y11 * 100 -> -25 | L5: =(data!AC11 - data!AA11) / data!AA11 * 100 -> 80.952381 | M5: =(data!AE11 - data!AC11) / data!AC11 * 100 -> 13.157895 | N5: =(data!AG11 - data!AE11) / data!AE11 * 100 -> -9.3023256 | O5: =(data!AI11 - data!AG11) / data!AG11 * 100 -> 12.820513 | P5: =(data!AK11 - data!AI11) / data!AI11 * 100 -> -25 | Q5: =(data!AM11 - data!AK11) / data!AK11 * 100 -> -60.606061
A6: =data!F12 -> Water supply; sewerage, waste management and remediation activities | B6: =(data!I12 - data!G12) / data!G12 * 100 -> 52.941176 | C6: =(data!K12 - data!I12) / data!I12 * 100 -> -50 | D6: =(data!M12 - data!K12) / data!K12 * 100 -> -7.6923077 | E6: =(data!O12 - data!M12) / data!M12 * 100 -> -16.666667 | F6: =(data!Q12 - data!O12) / data!O12 * 100 -> 0 | G6: =(data!S12 - data!Q12) / data!Q12 * 100 -> 60 | H6: =(data!U12 - data!S12) / data!S12 * 100 -> 31.25 | I6: =(data!W12 - data!U12) / data!U12 * 100 -> 38.095238 | J6: =(data!Y12 - data!W12) / data!W12 * 100 -> 10.344828 | K6: =(data!AA12 - data!Y12) / data!Y12 * 100 -> 9.375 | L6: =(data!AC12 - data!AA12) / data!AA12 * 100 -> 28.571429 | M6: =(data!AE12 - data!AC12) / data!AC12 * 100 -> 2.2222222 | N6: =(data!AG12 - data!AE12) / data!AE12 * 100 -> 39.130435 | O6: =(data!AI12 - data!AG12) / data!AG12 * 100 -> -29.6875 | P6: =(data!AK12 - data!AI12) / data!AI12 * 100 -> -2.2222222 | Q6: =(data!AM12 - data!AK12) / data!AK12 * 100 -> -61.363636
A7: =data!F13 -> Construction | B7: =(data!I13 - data!G13) / data!G13 * 100 -> 3.7037037 | C7: =(data!K13 - data!I13) / data!I13 * 100 -> -3.5714286 | D7: =(data!M13 - data!K13) / data!K13 * 100 -> -29.62963 | E7: =(data!O13 - data!M13) / data!M13 * 100 -> 36.842105 | F7: =(data!Q13 - data!O13) / data!O13 * 100 -> -3.8461538 | G7: =(data!S13 - data!Q13) / data!Q13 * 100 -> 12 | H7: =(data!U13 - data!S13) / data!S13 * 100 -> 46.428571 | I7: =(data!W13 - data!U13) / data!U13 * 100 -> 46.341463 | J7: =(data!Y13 - data!W13) / data!W13 * 100 -> 10 | K7: =(data!AA13 - data!Y13) / data!Y13 * 100 -> -28.787879 | L7: =(data!AC13 - data!AA13) / data!AA13 * 100 -> 61.702128 | M7: =(data!AE13 - data!AC13) / data!AC13 * 100 -> 21.052632 | N7: =(data!AG13 - data!AE13) / data!AE13 * 100 -> 21.73913 | O7: =(data!AI13 - data!AG13) / data!AG13 * 100 -> -6.25 | P7: =(data!AK13 - data!AI13) / data!AI13 * 100 -> -17.142857 | Q7: =(data!AM13 - data!AK13) / data!AK13 * 100 -> -68.965517
A8: =data!F14 -> Wholesale and retail trade; repair of motor vehicles and motorcycles | B8: =(data!I14 - data!G14) / data!G14 * 100 -> -5.2631579 | C8: =(data!K14 - data!I14) / data!I14 * 100 -> -33.333333 | D8: =(data!M14 - data!K14) / data!K14 * 100 -> -29.166667 | E8: =(data!O14 - data!M14) / data!M14 * 100 -> 29.411765 | F8: =(data!Q14 - data!O14) / data!O14 * 100 -> 22.727273 | G8: =(data!S14 - data!Q14) / data!Q14 * 100 -> 14.814815 | H8: =(data!U14 - data!S14) / data!S14 * 100 -> 16.129032 | I8: =(data!W14 - data!U14) / data!U14 * 100 -> 13.888889 | J8: =(data!Y14 - data!W14) / data!W14 * 100 -> 12.195122 | K8: =(data!AA14 - data!Y14) / data!Y14 * 100 -> -30.434783 | L8: =(data!AC14 - data!AA14) / data!AA14 * 100 -> 78.125 | M8: =(data!AE14 - data!AC14) / data!AC14 * 100 -> 29.824561 | N8: =(data!AG14 - data!AE14) / data!AE14 * 100 -> -12.162162 | O8: =(data!AI14 - data!AG14) / data!AG14 * 100 -> -7.6923077 | P8: =(data!AK14 - data!AI14) / data!AI14 * 100 -> -3.3333333 | Q8: =(data!AM14 - data!AK14) / data!AK14 * 100 -> -34.482759
A9: =data!F15 -> Transportation and storage | B9: =(data!I15 - data!G15) / data!G15 * 100 -> -9.0909091 | C9: =(data!K15 - data!I15) / data!I15 * 100 -> -30 | D9: =(data!M15 - data!K15) / data!K15 * 100 -> -28.571429 | E9: =(data!O15 - data!M15) / data!M15 * 100 -> 10 | F9: =(data!Q15 - data!O15) / data!O15 * 100 -> 45.454545 | G9: =(data!S15 - data!Q15) / data!Q15 * 100 -> -6.25 | H9: =(data!U15 - data!S15) / data!S15 * 100 -> 80 | I9: =(data!W15 - data!U15) / data!U15 * 100 -> 7.4074074 | J9: =(data!Y15 - data!W15) / data!W15 * 100 -> 27.586207 | K9: =(data!AA15 - data!Y15) / data!Y15 * 100 -> -32.432432 | L9: =(data!AC15 - data!AA15) / data!AA15 * 100 -> 64 | M9: =(data!AE15 - data!AC15) / data!AC15 * 100 -> 24.390244 | N9: =(data!AG15 - data!AE15) / data!AE15 * 100 -> 1.9607843 | O9: =(data!AI15 - data!AG15) / data!AG15 * 100 -> 7.6923077 | P9: =(data!AK15 - data!AI15) / data!AI15 * 100 -> -14.285714 | Q9: =(data!AM15 - data!AK15) / data!AK15 * 100 -> -54.166667
A10: =data!F16 -> Accommodation and food service activities | B10: =(data!I16 - data!G16) / data!G16 * 100 -> 18.421053 | C10: =(data!K16 - data!I16) / data!I16 * 100 -> -15.555556 | D10: =(data!M16 - data!K16) / data!K16 * 100 -> -13.157895 | E10: =(data!O16 - data!M16) / data!M16 * 100 -> 12.121212 | F10: =(data!Q16 - data!O16) / data!O16 * 100 -> -2.7027027 | G10: =(data!S16 - data!Q16) / data!Q16 * 100 -> 16.666667 | H10: =(data!U16 - data!S16) / data!S16 * 100 -> 52.380952 | I10: =(data!W16 - data!U16) / data!U16 * 100 -> 14.0625 | J10: =(data!Y16 - data!W16) / data!W16 * 100 -> 12.328767 | K10: =(data!AA16 - data!Y16) / data!Y16 * 100 -> -39.02439 | L10: =(data!AC16 - data!AA16) / data!AA16 * 100 -> 80 | M10: =(data!AE16 - data!AC16) / data!AC16 * 100 -> 31.111111 | N10: =(data!AG16 - data!AE16) / data!AE16 * 100 -> 19.491525 | O10: =(data!AI16 - data!AG16) / data!AG16 * 100 -> -20.567376 | P10: =(data!AK16 - data!AI16) / data!AI16 * 100 -> -2.6785714 | Q10: =(data!AM16 - data!AK16) / data!AK16 * 100 -> -65.137615
A11: =data!F17 -> Information and communication services | B11: =(data!I17 - data!G17) / data!G17 * 100 -> 48.148148 | C11: =(data!K17 - data!I17) / data!I17 * 100 -> -40 | D11: =(data!M17 - data!K17) / data!K17 * 100 -> -8.3333333 | E11: =(data!O17 - data!M17) / data!M17 * 100 -> 31.818182 | F11: =(data!Q17 - data!O17) / data!O17 * 100 -> 68.965517 | G11: =(data!S17 - data!Q17) / data!Q17 * 100 -> 0 | H11: =(data!U17 - data!S17) / data!S17 * 100 -> 22.44898 | I11: =(data!W17 - data!U17) / data!U17 * 100 -> 13.333333 | J11: =(data!Y17 - data!W17) / data!W17 * 100 -> 5.8823529 | K11: =(data!AA17 - data!Y17) / data!Y17 * 100 -> -33.333333 | L11: =(data!AC17 - data!AA17) / data!AA17 * 100 -> 77.083333 | M11: =(data!AE17 - data!AC17) / data!AC17 * 100 -> 28.235294 | N11: =(data!AG17 - data!AE17) / data!AE17 * 100 -> -3.6697248 | O11: =(data!AI17 - data!AG17) / data!AG17 * 100 -> -23.809524 | P11: =(data!AK17 - data!AI17) / data!AI17 * 100 -> -8.75 | Q11: =(data!AM17 - data!AK17) / data!AK17 * 100 -> -63.013699
A12: =data!F18 -> Financial and insurance activities | B12: =(data!I18 - data!G18) / data!G18 * 100 -> -20.833333 | C12: =(data!K18 - data!I18) / data!I18 * 100 -> -31.578947 | D12: =(data!M18 - data!K18) / data!K18 * 100 -> 0 | E12: =(data!O18 - data!M18) / data!M18 * 100 -> 0 | F12: =(data!Q18 - data!O18) / data!O18 * 100 -> 53.846154 | G12: =(data!S18 - data!Q18) / data!Q18 * 100 -> 10 | H12: =(data!U18 - data!S18) / data!S18 * 100 -> 27.272727 | I12: =(data!W18 - data!U18) / data!U18 * 100 -> 7.1428571 | J12: =(data!Y18 - data!W18) / data!W18 * 100 -> -16.666667 | K12: =(data!AA18 - data!Y18) / data!Y18 * 100 -> -16 | L12: =(data!AC18 - data!AA18) / data!AA18 * 100 -> 33.333333 | M12: =(data!AE18 - data!AC18) / data!AC18 * 100 -> 21.428571 | N12: =(data!AG18 - data!AE18) / data!AE18 * 100 -> 11.764706 | O12: =(data!AI18 - data!AG18) / data!AG18 * 100 -> -5.2631579 | P12: =(data!AK18 - data!AI18) / data!AI18 * 100 -> 11.111111 | Q12: =(data!AM18 - data!AK18) / data!AK18 * 100 -> -40
A13: =data!F19 -> Professional, scientific and technical activities | B13: =(data!I19 - data!G19) / data!G19 * 100 -> 23.809524 | C13: =(data!K19 - data!I19) / data!I19 * 100 -> -32.692308 | D13: =(data!M19 - data!K19) / data!K19 * 100 -> -14.285714 | E13: =(data!O19 - data!M19) / data!M19 * 100 -> 23.333333 | F13: =(data!Q19 - data!O19) / data!O19 * 100 -> 35.135135 | G13: =(data!S19 - data!Q19) / data!Q19 * 100 -> 10 | H13: =(data!U19 - data!S19) / data!S19 * 100 -> 9.0909091 | I13: =(data!W19 - data!U19) / data!U19 * 100 -> 28.333333 | J13: =(data!Y19 - data!W19) / data!W19 * 100 -> -3.8961039 | K13: =(data!AA19 - data!Y19) / data!Y19 * 100 -> -14.864865 | L13: =(data!AC19 - data!AA19) / data!AA19 * 100 -> 68.253968 | M13: =(data!AE19 - data!AC19) / data!AC19 * 100 -> 16.037736 | N13: =(data!AG19 - data!AE19) / data!AE19 * 100 -> -11.382114 | O13: =(data!AI19 - data!AG19) / data!AG19 * 100 -> -8.2568807 | P13: =(data!AK19 - data!AI19) / data!AI19 * 100 -> -9 | Q13: =(data!AM19 - data!AK19) / data!AK19 * 100 -> -53.846154
A14: =data!F20 -> Rental, travel agency, business support services | B14: =(data!I20 - data!G20) / data!G20 * 100 -> 44.827586 | C14: =(data!K20 - data!I20) / data!I20 * 100 -> -66.666667 | D14: =(data!M20 - data!K20) / data!K20 * 100 -> 0 | E14: =(data!O20 - data!M20) / data!M20 * 100 -> 7.1428571 | F14: =(data!Q20 - data!O20) / data!O20 * 100 -> 40 | G14: =(data!S20 - data!Q20) / data!Q20 * 100 -> 9.5238095 | H14: =(data!U20 - data!S20) / data!S20 * 100 -> 60.869565 | I14: =(data!W20 - data!U20) / data!U20 * 100 -> 2.7027027 | J14: =(data!Y20 - data!W20) / data!W20 * 100 -> -7.8947368 | K14: =(data!AA20 - data!Y20) / data!Y20 * 100 -> -34.285714 | L14: =(data!AC20 - data!AA20) / data!AA20 * 100 -> 113.04348 | M14: =(data!AE20 - data!AC20) / data!AC20 * 100 -> 22.44898 | N14: =(data!AG20 - data!AE20) / data!AE20 * 100 -> 1.6666667 | O14: =(data!AI20 - data!AG20) / data!AG20 * 100 -> -3.2786885 | P14: =(data!AK20 - data!AI20) / data!AI20 * 100 -> -3.3898305 | Q14: =(data!AM20 - data!AK20) / data!AK20 * 100 -> -49.122807
... A19: =data!F25 -> Other service activities | B19: =(data!I25 - data!G25) / data!G25 * 100 -> -17.142857 | C19: =(data!K25 - data!I25) / data!I25 * 100 -> -51.724138 | D19: =(data!M25 - data!K25) / data!K25 * 100 -> -21.428571 | E19: =(data!O25 - data!M25) / data!M25 * 100 -> 118.18182 | F19: =(data!Q25 - data!O25) / data!O25 * 100 -> 29.166667 | G19: =(data!S25 - data!Q25) / data!Q25 * 100 -> 0 | H19: =(data!U25 - data!S25) / data!S25 * 100 -> 77.419355 | I19: =(data!W25 - data!U25) / data!U25 * 100 -> -9.0909091 | J19: =(data!Y25 - data!W25) / data!W25 * 100 -> -16 | K19: =(data!AA25 - data!Y25) / data!Y25 * 100 -> -14.285714 | L19: =(data!AC25 - data!AA25) / data!AA25 * 100 -> 66.666667 | M19: =(data!AE25 - data!AC25) / data!AC25 * 100 -> 51.666667 | N19: =(data!AG25 - data!AE25) / data!AE25 * 100 -> 4.3956044 | O19: =(data!AI25 - data!AG25) / data!AG25 * 100 -> -9.4736842 | P19: =(data!AK25 - data!AI25) / data!AI25 * 100 -> -13.953488 | Q19: =(data!AM25 - data!AK25) / data!AK25 * 100 -> -52.702703
A21: Supply
B22: 2011 | C22: 2012 | D22: 2013 | E22: 2014 | F22: 2015 | G22: 2016 | H22: 2017 | I22: 2018 | J22: 2019 | K22: 2020 | L22: 2021 | M22: 2022 | N22: 2023 | O22: 2024 | P22: 2025 | Q22: 2026
A23: =data!E9 -> SECONDARY SECTOR | B23: =(data!J9-data!H9)/data!H9*100 -> -0.65274151 | C23: =(data!L9-data!J9)/data!J9*100 -> -3.2134751 | D23: =(data!N9-data!L9)/data!L9*100 -> -3.7603884 | E23: =(data!P9-data!N9)/data!N9*100 -> 0.14107387 | F23: =(data!R9-data!P9)/data!P9*100 -> -0.0085378869 | G23: =(data!T9-data!R9)/data!R9*100 -> -0.085386159 | H23: =(data!V9-data!T9)/data!T9*100 -> 0.82040764 | I23: =(data!X9-data!V9)/data!V9*100 -> 1.3138377 | J23: =(data!Z9-data!X9)/data!X9*100 -> 0.012549676 | K23: =(data!AB9-data!Z9)/data!Z9*100 -> -1.0582232 | L23: =(data!AD9-data!AB9)/data!AB9*100 -> 1.4753752 | M23: =(data!AF9-data!AD9)/data!AD9*100 -> 3.2786202 | N23: =(data!AH9-data!AF9)/data!AF9*100 -> 1.3956678 | O23: =(data!AJ9-data!AH9)/data!AH9*100 -> 1.3645224 | P23: =(data!AL9-data!AJ9)/data!AJ9*100 -> 0.77708006 | Q23: =(data!AN9-data!AL9)/data!AL9*100 -> -1.5577537
A24: =data!E14 -> TERTIARY SECTOR | B24: =(data!J14-data!H14)/data!H14*100 -> 0.85334915 | C24: =(data!L14-data!J14)/data!J14*100 -> 0.53087226 | D24: =(data!N14-data!L14)/data!L14*100 -> -1.0398895 | E24: =(data!P14-data!N14)/data!N14*100 -> 0.29061653 | F24: =(data!R14-data!P14)/data!P14*100 -> 1.0968862 | G24: =(data!T14-data!R14)/data!R14*100 -> 1.8558103 | H24: =(data!V14-data!T14)/data!T14*100 -> 1.5835162 | I24: =(data!X14-data!V14)/data!V14*100 -> 0.91557893 | J24: =(data!Z14-data!X14)/data!X14*100 -> 0.67308736 | K24: =(data!AB14-data!Z14)/data!Z14*100 -> -4.1131977 | M24: =(data!AF14-data!AD14)/data!AD14*100 -> 2.5973818 | N24: =(data!AH14-data!AF14)/data!AF14*100 -> 2.4739827 | O24: =(data!AJ14-data!AH14)/data!AH14*100 -> 1.9353564 | P24: =(data!AL14-data!AJ14)/data!AJ14*100 -> 0.62939045 | Q24: =(data!AN14-data!AL14)/data!AL14*100 -> -10.032458
L25: =(data!AD14-data!AB14)/data!AB14*100 -> 0.51411404
